wo_id,material_no,material_desc,qty,unit
40000001,OIL-ISO-VG46,ISO VG 46 turbine oil,4.0,L
40000001,GRS-NLGI2,NLGI 2 bearing grease,0.2,KG
40000002,OIL-ISO-VG46,ISO VG 46 turbine oil,4.0,L
40000002,GRS-NLGI2,NLGI 2 bearing grease,0.2,KG
40000003,OIL-ISO-VG46,ISO VG 46 turbine oil,4.0,L
40000003,GRS-NLGI2,NLGI 2 bearing grease,0.2,KG
40000004,OIL-ISO-VG46,ISO VG 46 turbine oil,4.0,L
40000004,GRS-NLGI2,NLGI 2 bearing grease,0.2,KG
40000005,OIL-ISO-VG46,ISO VG 46 turbine oil,4.0,L
40000005,GRS-NLGI2,NLGI 2 bearing grease,0.2,KG
40000006,OIL-ISO-VG46,ISO VG 46 turbine oil,4.0,L
40000006,GRS-NLGI2,NLGI 2 bearing grease,0.2,KG
40000007,OIL-ISO-VG46,ISO VG 46 turbine oil,4.0,L
40000007,GRS-NLGI2,NLGI 2 bearing grease,0.2,KG
40000008,OIL-ISO-VG46,ISO VG 46 turbine oil,4.0,L
40000008,GRS-NLGI2,NLGI 2 bearing grease,0.2,KG
40000009,OIL-ISO-VG46,ISO VG 46 turbine oil,4.0,L
40000009,GRS-NLGI2,NLGI 2 bearing grease,0.2,KG
40000010,OIL-ISO-VG46,ISO VG 46 turbine oil,4.0,L
40000010,GRS-NLGI2,NLGI 2 bearing grease,0.2,KG
40000011,OIL-ISO-VG46,ISO VG 46 turbine oil,4.0,L
40000011,GRS-NLGI2,NLGI 2 bearing grease,0.2,KG
40000012,OIL-ISO-VG46,ISO VG 46 turbine oil,4.0,L
40000012,GRS-NLGI2,NLGI 2 bearing grease,0.2,KG
40000013,INST-AIR-FLT,Instrument air filter element,1.0,EA
40000014,INST-AIR-FLT,Instrument air filter element,1.0,EA
40000015,INST-AIR-FLT,Instrument air filter element,1.0,EA
40000016,INST-AIR-FLT,Instrument air filter element,1.0,EA
40000017,INST-AIR-FLT,Instrument air filter element,1.0,EA
40000018,INSP-UT-COUPLANT,UT couplant,1.0,BT
40000019,INSP-UT-COUPLANT,UT couplant,1.0,BT
40000020,INSP-UT-COUPLANT,UT couplant,1.0,BT
40000021,INSP-UT-COUPLANT,UT couplant,1.0,BT
40000022,INSP-UT-COUPLANT,UT couplant,1.0,BT
40000023,INST-AIR-FLT,Instrument air filter element,1.0,EA
40000024,INSP-UT-COUPLANT,UT couplant,1.0,BT
40000025,INSP-UT-COUPLANT,UT couplant,1.0,BT
40000026,INSP-UT-COUPLANT,UT couplant,1.0,BT
40000027,INSP-UT-COUPLANT,UT couplant,1.0,BT
40000028,INSP-UT-COUPLANT,UT couplant,1.0,BT
40000029,INSP-UT-COUPLANT,UT couplant,1.0,BT
40000030,INSP-UT-COUPLANT,UT couplant,1.0,BT
40000031,INST-AIR-FLT,Instrument air filter element,1.0,EA
40000032,INSP-UT-COUPLANT,UT couplant,1.0,BT
40000033,INSP-UT-COUPLANT,UT couplant,1.0,BT
40000034,INSP-UT-COUPLANT,UT couplant,1.0,BT
40000035,INST-AIR-FLT,Instrument air filter element,1.0,EA
40000036,INSP-UT-COUPLANT,UT couplant,1.0,BT
40000037,INSP-UT-COUPLANT,UT couplant,1.0,BT
40000038,INSP-UT-COUPLANT,UT couplant,1.0,BT
40000039,INSP-UT-COUPLANT,UT couplant,1.0,BT
40000040,OIL-ISO-VG46,ISO VG 46 turbine oil,4.0,L
40000040,GRS-NLGI2,NLGI 2 bearing grease,0.2,KG
40000041,OIL-ISO-VG46,ISO VG 46 turbine oil,4.0,L
40000041,GRS-NLGI2,NLGI 2 bearing grease,0.2,KG
40000042,OIL-ISO-VG46,ISO VG 46 turbine oil,4.0,L
40000042,GRS-NLGI2,NLGI 2 bearing grease,0.2,KG
40000043,OIL-ISO-VG46,ISO VG 46 turbine oil,4.0,L
40000043,GRS-NLGI2,NLGI 2 bearing grease,0.2,KG
40000044,BRG-6309-2RS,Pump bearing,2.0,EA
40000044,OIL-ISO-VG46,ISO VG 46 turbine oil,8.0,L
40000045,OIL-ISO-VG46,ISO VG 46 turbine oil,4.0,L
40000045,GRS-NLGI2,NLGI 2 bearing grease,0.2,KG
40000046,OIL-ISO-VG46,ISO VG 46 turbine oil,4.0,L
40000046,GRS-NLGI2,NLGI 2 bearing grease,0.2,KG
40000047,OIL-ISO-VG46,ISO VG 46 turbine oil,4.0,L
40000047,GRS-NLGI2,NLGI 2 bearing grease,0.2,KG
40000048,OIL-ISO-VG46,ISO VG 46 turbine oil,4.0,L
40000048,GRS-NLGI2,NLGI 2 bearing grease,0.2,KG
40000049,OIL-ISO-VG46,ISO VG 46 turbine oil,4.0,L
40000049,GRS-NLGI2,NLGI 2 bearing grease,0.2,KG
40000050,OIL-ISO-VG46,ISO VG 46 turbine oil,4.0,L
40000050,GRS-NLGI2,NLGI 2 bearing grease,0.2,KG
40000051,OIL-ISO-VG46,ISO VG 46 turbine oil,4.0,L
40000051,GRS-NLGI2,NLGI 2 bearing grease,0.2,KG
40000052,OIL-ISO-VG46,ISO VG 46 turbine oil,4.0,L
40000052,GRS-NLGI2,NLGI 2 bearing grease,0.2,KG
40000053,SEAL-C-45-A,Cartridge mechanical seal,1.0,EA
40000053,O-RING-VIT-2,Viton O-ring kit,1.0,KIT
40000054,BRG-NU309,Pump bearing,2.0,EA
40000054,OIL-ISO-VG46,ISO VG 46 turbine oil,8.0,L
40000055,OIL-ISO-VG46,ISO VG 46 turbine oil,4.0,L
40000055,GRS-NLGI2,NLGI 2 bearing grease,0.2,KG
40000056,OIL-ISO-VG46,ISO VG 46 turbine oil,4.0,L
40000056,GRS-NLGI2,NLGI 2 bearing grease,0.2,KG
40000057,OIL-ISO-VG46,ISO VG 46 turbine oil,4.0,L
40000057,GRS-NLGI2,NLGI 2 bearing grease,0.2,KG
40000058,OIL-ISO-VG46,ISO VG 46 turbine oil,4.0,L
40000058,GRS-NLGI2,NLGI 2 bearing grease,0.2,KG
40000059,INST-AIR-FLT,Instrument air filter element,1.0,EA
40000060,INST-AIR-FLT,Instrument air filter element,1.0,EA
40000061,INST-AIR-FLT,Instrument air filter element,1.0,EA
40000062,INST-AIR-FLT,Instrument air filter element,1.0,EA
40000063,INST-AIR-FLT,Instrument air filter element,1.0,EA
40000064,SEAL-C-35-A,Cartridge mechanical seal,1.0,EA
40000064,O-RING-VIT-2,Viton O-ring kit,1.0,KIT
40000065,INST-AIR-FLT,Instrument air filter element,1.0,EA
40000066,INST-AIR-FLT,Instrument air filter element,1.0,EA
40000067,INST-AIR-FLT,Instrument air filter element,1.0,EA
40000068,OIL-ISO-VG46,ISO VG 46 turbine oil,4.0,L
40000068,GRS-NLGI2,NLGI 2 bearing grease,0.2,KG
40000069,OIL-ISO-VG46,ISO VG 46 turbine oil,4.0,L
40000069,GRS-NLGI2,NLGI 2 bearing grease,0.2,KG
40000070,OIL-ISO-VG46,ISO VG 46 turbine oil,4.0,L
40000070,GRS-NLGI2,NLGI 2 bearing grease,0.2,KG
40000071,OIL-ISO-VG46,ISO VG 46 turbine oil,4.0,L
40000071,GRS-NLGI2,NLGI 2 bearing grease,0.2,KG
40000072,OIL-ISO-VG46,ISO VG 46 turbine oil,4.0,L
40000072,GRS-NLGI2,NLGI 2 bearing grease,0.2,KG
40000073,OIL-ISO-VG46,ISO VG 46 turbine oil,4.0,L
40000073,GRS-NLGI2,NLGI 2 bearing grease,0.2,KG
40000074,OIL-ISO-VG46,ISO VG 46 turbine oil,4.0,L
40000074,GRS-NLGI2,NLGI 2 bearing grease,0.2,KG
40000075,OIL-ISO-VG46,ISO VG 46 turbine oil,4.0,L
40000075,GRS-NLGI2,NLGI 2 bearing grease,0.2,KG
40000076,OIL-ISO-VG46,ISO VG 46 turbine oil,4.0,L
40000076,GRS-NLGI2,NLGI 2 bearing grease,0.2,KG
40000077,OIL-ISO-VG46,ISO VG 46 turbine oil,4.0,L
40000077,GRS-NLGI2,NLGI 2 bearing grease,0.2,KG
40000078,OIL-ISO-VG46,ISO VG 46 turbine oil,4.0,L
40000078,GRS-NLGI2,NLGI 2 bearing grease,0.2,KG
40000079,OIL-ISO-VG46,ISO VG 46 turbine oil,4.0,L
40000079,GRS-NLGI2,NLGI 2 bearing grease,0.2,KG
40000080,PSV-GASK-150-3,PSV inlet/outlet gasket set,1.0,SET
40000081,GSK-316-SW-28,316 SS spiral wound gasket,2.0,EA
40000081,BLT-B7-58-8UN,ASTM A193 B7 stud bolt set,1.0,SET
40000081,GRF-FLEX-1,Flexible graphite packing ring,8.0,EA
40000082,GSK-SPIR-MANWAY,Manway spiral wound gasket,2.0,EA
40000082,BLT-B7-MANWAY,Manway stud bolt set,1.0,SET
40000083,PSV-GASK-300-4,PSV inlet/outlet gasket set,1.0,SET
40000084,GSK-316-SW-20,316 SS spiral wound gasket,2.0,EA
40000084,BLT-B7-34-10UN,ASTM A193 B7 stud bolt set,1.0,SET
40000084,GRF-FLEX-1,Flexible graphite packing ring,8.0,EA
40000085,GSK-316-SW-16,316 SS spiral wound gasket,2.0,EA
40000085,BLT-B7-34-10UN,ASTM A193 B7 stud bolt set,1.0,SET
40000085,GRF-FLEX-1,Flexible graphite packing ring,8.0,EA
40000086,GSK-316-SW-20,316 SS spiral wound gasket,2.0,EA
40000086,BLT-B7-58-8UN,ASTM A193 B7 stud bolt set,1.0,SET
40000086,GRF-FLEX-1,Flexible graphite packing ring,8.0,EA
40000087,GSK-SPIR-MANWAY,Manway spiral wound gasket,2.0,EA
40000087,BLT-B7-MANWAY,Manway stud bolt set,1.0,SET
40000088,GSK-316-SW-24,316 SS spiral wound gasket,2.0,EA
40000088,BLT-B7-78-9UN,ASTM A193 B7 stud bolt set,1.0,SET
40000088,GRF-FLEX-1,Flexible graphite packing ring,8.0,EA
40000089,GSK-316-SW-16,316 SS spiral wound gasket,2.0,EA
40000089,BLT-B7-78-9UN,ASTM A193 B7 stud bolt set,1.0,SET
40000089,GRF-FLEX-1,Flexible graphite packing ring,8.0,EA
40000090,GSK-SPIR-MANWAY,Manway spiral wound gasket,2.0,EA
40000090,BLT-B7-MANWAY,Manway stud bolt set,1.0,SET
40000091,GSK-SPIR-MANWAY,Manway spiral wound gasket,2.0,EA
40000091,BLT-B7-MANWAY,Manway stud bolt set,1.0,SET
40000092,GSK-316-SW-16,316 SS spiral wound gasket,2.0,EA
40000092,BLT-B7-58-8UN,ASTM A193 B7 stud bolt set,1.0,SET
40000092,GRF-FLEX-1,Flexible graphite packing ring,8.0,EA
40000093,PSV-GASK-300-6,PSV inlet/outlet gasket set,1.0,SET
40000094,GSK-SPIR-MANWAY,Manway spiral wound gasket,2.0,EA
40000094,BLT-B7-MANWAY,Manway stud bolt set,1.0,SET
40000095,GSK-316-SW-20,316 SS spiral wound gasket,2.0,EA
40000095,BLT-B7-58-8UN,ASTM A193 B7 stud bolt set,1.0,SET
40000095,GRF-FLEX-1,Flexible graphite packing ring,8.0,EA
40000096,PSV-GASK-300-4,PSV inlet/outlet gasket set,1.0,SET
40000097,GSK-SPIR-MANWAY,Manway spiral wound gasket,2.0,EA
40000097,BLT-B7-MANWAY,Manway stud bolt set,1.0,SET
40000098,GSK-316-SW-16,316 SS spiral wound gasket,2.0,EA
40000098,BLT-B7-78-9UN,ASTM A193 B7 stud bolt set,1.0,SET
40000098,GRF-FLEX-1,Flexible graphite packing ring,8.0,EA
40000099,GSK-316-SW-28,316 SS spiral wound gasket,2.0,EA
40000099,BLT-B7-78-9UN,ASTM A193 B7 stud bolt set,1.0,SET
40000099,GRF-FLEX-1,Flexible graphite packing ring,8.0,EA
40000100,PSV-GASK-150-3,PSV inlet/outlet gasket set,1.0,SET
40000101,GSK-316-SW-24,316 SS spiral wound gasket,2.0,EA
40000101,BLT-B7-34-10UN,ASTM A193 B7 stud bolt set,1.0,SET
40000101,GRF-FLEX-1,Flexible graphite packing ring,8.0,EA
40000102,GSK-SPIR-MANWAY,Manway spiral wound gasket,2.0,EA
40000102,BLT-B7-MANWAY,Manway stud bolt set,1.0,SET
40000103,GSK-316-SW-24,316 SS spiral wound gasket,2.0,EA
40000103,BLT-B7-34-10UN,ASTM A193 B7 stud bolt set,1.0,SET
40000103,GRF-FLEX-1,Flexible graphite packing ring,8.0,EA
40000104,PSV-GASK-300-6,PSV inlet/outlet gasket set,1.0,SET
40000105,OIL-ISO-VG46,ISO VG 46 turbine oil,4.0,L
40000105,GRS-NLGI2,NLGI 2 bearing grease,0.2,KG
40000106,OIL-ISO-VG46,ISO VG 46 turbine oil,4.0,L
40000106,GRS-NLGI2,NLGI 2 bearing grease,0.2,KG
40000107,OIL-ISO-VG46,ISO VG 46 turbine oil,4.0,L
40000107,GRS-NLGI2,NLGI 2 bearing grease,0.2,KG
40000108,OIL-ISO-VG46,ISO VG 46 turbine oil,4.0,L
40000108,GRS-NLGI2,NLGI 2 bearing grease,0.2,KG
40000109,INST-AIR-FLT,Instrument air filter element,1.0,EA
40000110,INST-AIR-FLT,Instrument air filter element,1.0,EA
40000111,INST-AIR-FLT,Instrument air filter element,1.0,EA
40000112,INST-AIR-FLT,Instrument air filter element,1.0,EA
40000113,INST-AIR-FLT,Instrument air filter element,1.0,EA
40000114,INSP-UT-COUPLANT,UT couplant,1.0,BT
40000115,INSP-UT-COUPLANT,UT couplant,1.0,BT
40000116,INSP-UT-COUPLANT,UT couplant,1.0,BT
40000117,INSP-UT-COUPLANT,UT couplant,1.0,BT
40000118,INSP-UT-COUPLANT,UT couplant,1.0,BT
40000119,INSP-UT-COUPLANT,UT couplant,1.0,BT
40000120,INSP-UT-COUPLANT,UT couplant,1.0,BT
40000121,INSP-UT-COUPLANT,UT couplant,1.0,BT
40000122,INSP-UT-COUPLANT,UT couplant,1.0,BT
40000123,INST-AIR-FLT,Instrument air filter element,1.0,EA
40000124,INSP-UT-COUPLANT,UT couplant,1.0,BT
40000125,INSP-UT-COUPLANT,UT couplant,1.0,BT
40000126,INSP-UT-COUPLANT,UT couplant,1.0,BT
40000127,INSP-UT-COUPLANT,UT couplant,1.0,BT
40000128,INST-AIR-FLT,Instrument air filter element,1.0,EA
40000129,INSP-UT-COUPLANT,UT couplant,1.0,BT
40000130,INST-AIR-FLT,Instrument air filter element,1.0,EA
40000131,INSP-UT-COUPLANT,UT couplant,1.0,BT
40000132,INSP-UT-COUPLANT,UT couplant,1.0,BT
40000133,INSP-UT-COUPLANT,UT couplant,1.0,BT
40000134,INSP-UT-COUPLANT,UT couplant,1.0,BT
40000135,INSP-UT-COUPLANT,UT couplant,1.0,BT
40000136,OIL-ISO-VG46,ISO VG 46 turbine oil,4.0,L
40000136,GRS-NLGI2,NLGI 2 bearing grease,0.2,KG
40000137,OIL-ISO-VG46,ISO VG 46 turbine oil,4.0,L
40000137,GRS-NLGI2,NLGI 2 bearing grease,0.2,KG
40000138,OIL-ISO-VG46,ISO VG 46 turbine oil,4.0,L
40000138,GRS-NLGI2,NLGI 2 bearing grease,0.2,KG
40000139,OIL-ISO-VG46,ISO VG 46 turbine oil,4.0,L
40000139,GRS-NLGI2,NLGI 2 bearing grease,0.2,KG
40000140,BRG-6309-2RS,Pump bearing,2.0,EA
40000140,OIL-ISO-VG46,ISO VG 46 turbine oil,8.0,L
40000141,OIL-ISO-VG46,ISO VG 46 turbine oil,4.0,L
40000141,GRS-NLGI2,NLGI 2 bearing grease,0.2,KG
40000142,OIL-ISO-VG46,ISO VG 46 turbine oil,4.0,L
40000142,GRS-NLGI2,NLGI 2 bearing grease,0.2,KG
40000143,OIL-ISO-VG46,ISO VG 46 turbine oil,4.0,L
40000143,GRS-NLGI2,NLGI 2 bearing grease,0.2,KG
40000144,OIL-ISO-VG46,ISO VG 46 turbine oil,4.0,L
40000144,GRS-NLGI2,NLGI 2 bearing grease,0.2,KG
40000145,SEAL-C-45-A,Cartridge mechanical seal,1.0,EA
40000145,O-RING-VIT-2,Viton O-ring kit,1.0,KIT
40000146,OIL-ISO-VG46,ISO VG 46 turbine oil,4.0,L
40000146,GRS-NLGI2,NLGI 2 bearing grease,0.2,KG
40000147,OIL-ISO-VG46,ISO VG 46 turbine oil,4.0,L
40000147,GRS-NLGI2,NLGI 2 bearing grease,0.2,KG
40000148,OIL-ISO-VG46,ISO VG 46 turbine oil,4.0,L
40000148,GRS-NLGI2,NLGI 2 bearing grease,0.2,KG
40000149,OIL-ISO-VG46,ISO VG 46 turbine oil,4.0,L
40000149,GRS-NLGI2,NLGI 2 bearing grease,0.2,KG
40000150,GSK-316-SW-20,316 SS spiral wound gasket,2.0,EA
40000150,BLT-B7-34-10UN,ASTM A193 B7 stud bolt set,1.0,SET
40000150,GRF-FLEX-1,Flexible graphite packing ring,8.0,EA
40000151,BRG-NU309,Pump bearing,2.0,EA
40000151,OIL-ISO-VG46,ISO VG 46 turbine oil,8.0,L
40000152,GSK-316-SW-16,316 SS spiral wound gasket,2.0,EA
40000152,BLT-B7-78-9UN,ASTM A193 B7 stud bolt set,1.0,SET
40000152,GRF-FLEX-1,Flexible graphite packing ring,8.0,EA
40000153,SEAL-C-35-A,Cartridge mechanical seal,1.0,EA
40000153,O-RING-VIT-2,Viton O-ring kit,1.0,KIT
40000154,OIL-ISO-VG46,ISO VG 46 turbine oil,4.0,L
40000154,GRS-NLGI2,NLGI 2 bearing grease,0.2,KG
40000155,OIL-ISO-VG46,ISO VG 46 turbine oil,4.0,L
40000155,GRS-NLGI2,NLGI 2 bearing grease,0.2,KG
40000156,OIL-ISO-VG46,ISO VG 46 turbine oil,4.0,L
40000156,GRS-NLGI2,NLGI 2 bearing grease,0.2,KG
40000157,OIL-ISO-VG46,ISO VG 46 turbine oil,4.0,L
40000157,GRS-NLGI2,NLGI 2 bearing grease,0.2,KG
40000158,OIL-ISO-VG46,ISO VG 46 turbine oil,4.0,L
40000158,GRS-NLGI2,NLGI 2 bearing grease,0.2,KG
40000159,OIL-ISO-VG46,ISO VG 46 turbine oil,4.0,L
40000159,GRS-NLGI2,NLGI 2 bearing grease,0.2,KG
40000160,OIL-ISO-VG46,ISO VG 46 turbine oil,4.0,L
40000160,GRS-NLGI2,NLGI 2 bearing grease,0.2,KG
40000161,OIL-ISO-VG46,ISO VG 46 turbine oil,4.0,L
40000161,GRS-NLGI2,NLGI 2 bearing grease,0.2,KG
40000162,OIL-ISO-VG46,ISO VG 46 turbine oil,4.0,L
40000162,GRS-NLGI2,NLGI 2 bearing grease,0.2,KG
40000163,OIL-ISO-VG46,ISO VG 46 turbine oil,4.0,L
40000163,GRS-NLGI2,NLGI 2 bearing grease,0.2,KG
40000164,OIL-ISO-VG46,ISO VG 46 turbine oil,4.0,L
40000164,GRS-NLGI2,NLGI 2 bearing grease,0.2,KG
40000165,OIL-ISO-VG46,ISO VG 46 turbine oil,4.0,L
40000165,GRS-NLGI2,NLGI 2 bearing grease,0.2,KG
40000166,GSK-316-SW-20,316 SS spiral wound gasket,2.0,EA
40000166,BLT-B7-58-8UN,ASTM A193 B7 stud bolt set,1.0,SET
40000166,GRF-FLEX-1,Flexible graphite packing ring,8.0,EA
40000167,INST-AIR-FLT,Instrument air filter element,1.0,EA
40000168,INST-AIR-FLT,Instrument air filter element,1.0,EA
40000169,INST-AIR-FLT,Instrument air filter element,1.0,EA
40000170,INST-AIR-FLT,Instrument air filter element,1.0,EA
40000171,INST-AIR-FLT,Instrument air filter element,1.0,EA
40000172,INSP-UT-COUPLANT,UT couplant,1.0,BT
40000173,INSP-UT-COUPLANT,UT couplant,1.0,BT
40000174,INST-AIR-FLT,Instrument air filter element,1.0,EA
40000175,INSP-UT-COUPLANT,UT couplant,1.0,BT
40000176,INSP-UT-COUPLANT,UT couplant,1.0,BT
40000177,INSP-UT-COUPLANT,UT couplant,1.0,BT
40000178,INSP-UT-COUPLANT,UT couplant,1.0,BT
40000179,INSP-UT-COUPLANT,UT couplant,1.0,BT
40000180,INSP-UT-COUPLANT,UT couplant,1.0,BT
40000181,INSP-UT-COUPLANT,UT couplant,1.0,BT
40000182,INSP-UT-COUPLANT,UT couplant,1.0,BT
40000183,INSP-UT-COUPLANT,UT couplant,1.0,BT
40000184,INSP-UT-COUPLANT,UT couplant,1.0,BT
40000185,INSP-UT-COUPLANT,UT couplant,1.0,BT
40000186,INSP-UT-COUPLANT,UT couplant,1.0,BT
40000187,INST-AIR-FLT,Instrument air filter element,1.0,EA
40000188,INSP-UT-COUPLANT,UT couplant,1.0,BT
40000189,INSP-UT-COUPLANT,UT couplant,1.0,BT
40000190,INSP-UT-COUPLANT,UT couplant,1.0,BT
40000191,INSP-UT-COUPLANT,UT couplant,1.0,BT
40000192,INSP-UT-COUPLANT,UT couplant,1.0,BT
40000193,INST-AIR-FLT,Instrument air filter element,1.0,EA
40000194,VP-PACK-PTFE-6,Valve packing set,1.0,SET
40000194,VP-SEAT-316-4,Valve seat ring,1.0,EA
40000195,OIL-ISO-VG46,ISO VG 46 turbine oil,4.0,L
40000195,GRS-NLGI2,NLGI 2 bearing grease,0.2,KG
40000196,OIL-ISO-VG46,ISO VG 46 turbine oil,4.0,L
40000196,GRS-NLGI2,NLGI 2 bearing grease,0.2,KG
40000197,OIL-ISO-VG46,ISO VG 46 turbine oil,4.0,L
40000197,GRS-NLGI2,NLGI 2 bearing grease,0.2,KG
40000198,OIL-ISO-VG46,ISO VG 46 turbine oil,4.0,L
40000198,GRS-NLGI2,NLGI 2 bearing grease,0.2,KG
40000199,OIL-ISO-VG46,ISO VG 46 turbine oil,4.0,L
40000199,GRS-NLGI2,NLGI 2 bearing grease,0.2,KG
40000200,OIL-ISO-VG46,ISO VG 46 turbine oil,4.0,L
40000200,GRS-NLGI2,NLGI 2 bearing grease,0.2,KG
40000201,OIL-ISO-VG46,ISO VG 46 turbine oil,4.0,L
40000201,GRS-NLGI2,NLGI 2 bearing grease,0.2,KG
40000202,OIL-ISO-VG46,ISO VG 46 turbine oil,4.0,L
40000202,GRS-NLGI2,NLGI 2 bearing grease,0.2,KG
40000203,OIL-ISO-VG46,ISO VG 46 turbine oil,4.0,L
40000203,GRS-NLGI2,NLGI 2 bearing grease,0.2,KG
40000204,OIL-ISO-VG46,ISO VG 46 turbine oil,4.0,L
40000204,GRS-NLGI2,NLGI 2 bearing grease,0.2,KG
40000205,OIL-ISO-VG46,ISO VG 46 turbine oil,4.0,L
40000205,GRS-NLGI2,NLGI 2 bearing grease,0.2,KG
40000206,OIL-ISO-VG46,ISO VG 46 turbine oil,4.0,L
40000206,GRS-NLGI2,NLGI 2 bearing grease,0.2,KG
40000207,BRG-6309-2RS,Pump bearing,2.0,EA
40000207,OIL-ISO-VG46,ISO VG 46 turbine oil,8.0,L
40000208,OIL-ISO-VG46,ISO VG 46 turbine oil,4.0,L
40000208,GRS-NLGI2,NLGI 2 bearing grease,0.2,KG
40000209,OIL-ISO-VG46,ISO VG 46 turbine oil,4.0,L
40000209,GRS-NLGI2,NLGI 2 bearing grease,0.2,KG
40000210,OIL-ISO-VG46,ISO VG 46 turbine oil,4.0,L
40000210,GRS-NLGI2,NLGI 2 bearing grease,0.2,KG
40000211,OIL-ISO-VG46,ISO VG 46 turbine oil,4.0,L
40000211,GRS-NLGI2,NLGI 2 bearing grease,0.2,KG
40000212,SEAL-C-45-A,Cartridge mechanical seal,1.0,EA
40000212,O-RING-VIT-2,Viton O-ring kit,1.0,KIT
40000213,GSK-SPIR-MANWAY,Manway spiral wound gasket,2.0,EA
40000213,BLT-B7-MANWAY,Manway stud bolt set,1.0,SET
40000214,PSV-GASK-300-6,PSV inlet/outlet gasket set,1.0,SET
40000215,GSK-316-SW-24,316 SS spiral wound gasket,2.0,EA
40000215,BLT-B7-34-10UN,ASTM A193 B7 stud bolt set,1.0,SET
40000215,GRF-FLEX-1,Flexible graphite packing ring,8.0,EA
40000216,GSK-316-SW-20,316 SS spiral wound gasket,2.0,EA
40000216,BLT-B7-58-8UN,ASTM A193 B7 stud bolt set,1.0,SET
40000216,GRF-FLEX-1,Flexible graphite packing ring,8.0,EA
40000217,GSK-316-SW-28,316 SS spiral wound gasket,2.0,EA
40000217,BLT-B7-78-9UN,ASTM A193 B7 stud bolt set,1.0,SET
40000217,GRF-FLEX-1,Flexible graphite packing ring,8.0,EA
40000218,GSK-316-SW-20,316 SS spiral wound gasket,2.0,EA
40000218,BLT-B7-58-8UN,ASTM A193 B7 stud bolt set,1.0,SET
40000218,GRF-FLEX-1,Flexible graphite packing ring,8.0,EA
40000219,GSK-316-SW-28,316 SS spiral wound gasket,2.0,EA
40000219,BLT-B7-58-8UN,ASTM A193 B7 stud bolt set,1.0,SET
40000219,GRF-FLEX-1,Flexible graphite packing ring,8.0,EA
40000220,PSV-GASK-300-4,PSV inlet/outlet gasket set,1.0,SET
40000221,GSK-SPIR-MANWAY,Manway spiral wound gasket,2.0,EA
40000221,BLT-B7-MANWAY,Manway stud bolt set,1.0,SET
40000222,GSK-316-SW-16,316 SS spiral wound gasket,2.0,EA
40000222,BLT-B7-78-9UN,ASTM A193 B7 stud bolt set,1.0,SET
40000222,GRF-FLEX-1,Flexible graphite packing ring,8.0,EA
40000223,GSK-316-SW-24,316 SS spiral wound gasket,2.0,EA
40000223,BLT-B7-78-9UN,ASTM A193 B7 stud bolt set,1.0,SET
40000223,GRF-FLEX-1,Flexible graphite packing ring,8.0,EA
40000224,PSV-GASK-150-3,PSV inlet/outlet gasket set,1.0,SET
40000225,PSV-GASK-150-3,PSV inlet/outlet gasket set,1.0,SET
40000226,GSK-316-SW-20,316 SS spiral wound gasket,2.0,EA
40000226,BLT-B7-34-10UN,ASTM A193 B7 stud bolt set,1.0,SET
40000226,GRF-FLEX-1,Flexible graphite packing ring,8.0,EA
40000227,GSK-316-SW-16,316 SS spiral wound gasket,2.0,EA
40000227,BLT-B7-34-10UN,ASTM A193 B7 stud bolt set,1.0,SET
40000227,GRF-FLEX-1,Flexible graphite packing ring,8.0,EA
40000228,GSK-316-SW-24,316 SS spiral wound gasket,2.0,EA
40000228,BLT-B7-34-10UN,ASTM A193 B7 stud bolt set,1.0,SET
40000228,GRF-FLEX-1,Flexible graphite packing ring,8.0,EA
40000229,PSV-GASK-300-6,PSV inlet/outlet gasket set,1.0,SET
40000230,GSK-SPIR-MANWAY,Manway spiral wound gasket,2.0,EA
40000230,BLT-B7-MANWAY,Manway stud bolt set,1.0,SET
40000231,GSK-SPIR-MANWAY,Manway spiral wound gasket,2.0,EA
40000231,BLT-B7-MANWAY,Manway stud bolt set,1.0,SET
40000232,GSK-316-SW-16,316 SS spiral wound gasket,2.0,EA
40000232,BLT-B7-58-8UN,ASTM A193 B7 stud bolt set,1.0,SET
40000232,GRF-FLEX-1,Flexible graphite packing ring,8.0,EA
40000233,GSK-SPIR-MANWAY,Manway spiral wound gasket,2.0,EA
40000233,BLT-B7-MANWAY,Manway stud bolt set,1.0,SET
40000234,PSV-GASK-300-4,PSV inlet/outlet gasket set,1.0,SET
40000235,GSK-SPIR-MANWAY,Manway spiral wound gasket,2.0,EA
40000235,BLT-B7-MANWAY,Manway stud bolt set,1.0,SET
40000236,GSK-SPIR-MANWAY,Manway spiral wound gasket,2.0,EA
40000236,BLT-B7-MANWAY,Manway stud bolt set,1.0,SET
40000237,GSK-316-SW-16,316 SS spiral wound gasket,2.0,EA
40000237,BLT-B7-78-9UN,ASTM A193 B7 stud bolt set,1.0,SET
40000237,GRF-FLEX-1,Flexible graphite packing ring,8.0,EA
40000238,INST-AIR-FLT,Instrument air filter element,1.0,EA
40000239,INST-AIR-FLT,Instrument air filter element,1.0,EA
40000240,INST-AIR-FLT,Instrument air filter element,1.0,EA
40000241,INST-AIR-FLT,Instrument air filter element,1.0,EA
40000242,INST-AIR-FLT,Instrument air filter element,1.0,EA
40000243,INST-AIR-FLT,Instrument air filter element,1.0,EA
40000244,INST-AIR-FLT,Instrument air filter element,1.0,EA
40000245,INST-AIR-FLT,Instrument air filter element,1.0,EA
40000246,BRG-NU309,Pump bearing,2.0,EA
40000246,OIL-ISO-VG46,ISO VG 46 turbine oil,8.0,L
40000247,OIL-ISO-VG46,ISO VG 46 turbine oil,4.0,L
40000247,GRS-NLGI2,NLGI 2 bearing grease,0.2,KG
40000248,OIL-ISO-VG46,ISO VG 46 turbine oil,4.0,L
40000248,GRS-NLGI2,NLGI 2 bearing grease,0.2,KG
40000249,OIL-ISO-VG46,ISO VG 46 turbine oil,4.0,L
40000249,GRS-NLGI2,NLGI 2 bearing grease,0.2,KG
40000250,OIL-ISO-VG46,ISO VG 46 turbine oil,4.0,L
40000250,GRS-NLGI2,NLGI 2 bearing grease,0.2,KG
40000251,OIL-ISO-VG46,ISO VG 46 turbine oil,4.0,L
40000251,GRS-NLGI2,NLGI 2 bearing grease,0.2,KG
40000252,OIL-ISO-VG46,ISO VG 46 turbine oil,4.0,L
40000252,GRS-NLGI2,NLGI 2 bearing grease,0.2,KG
40000253,OIL-ISO-VG46,ISO VG 46 turbine oil,4.0,L
40000253,GRS-NLGI2,NLGI 2 bearing grease,0.2,KG
40000254,OIL-ISO-VG46,ISO VG 46 turbine oil,4.0,L
40000254,GRS-NLGI2,NLGI 2 bearing grease,0.2,KG
40000255,OIL-ISO-VG46,ISO VG 46 turbine oil,4.0,L
40000255,GRS-NLGI2,NLGI 2 bearing grease,0.2,KG
40000256,OIL-ISO-VG46,ISO VG 46 turbine oil,4.0,L
40000256,GRS-NLGI2,NLGI 2 bearing grease,0.2,KG
40000257,OIL-ISO-VG46,ISO VG 46 turbine oil,4.0,L
40000257,GRS-NLGI2,NLGI 2 bearing grease,0.2,KG
40000258,OIL-ISO-VG46,ISO VG 46 turbine oil,4.0,L
40000258,GRS-NLGI2,NLGI 2 bearing grease,0.2,KG
40000259,SEAL-C-35-A,Cartridge mechanical seal,1.0,EA
40000259,O-RING-VIT-2,Viton O-ring kit,1.0,KIT
40000260,OIL-ISO-VG46,ISO VG 46 turbine oil,4.0,L
40000260,GRS-NLGI2,NLGI 2 bearing grease,0.2,KG
40000261,OIL-ISO-VG46,ISO VG 46 turbine oil,4.0,L
40000261,GRS-NLGI2,NLGI 2 bearing grease,0.2,KG
40000262,OIL-ISO-VG46,ISO VG 46 turbine oil,4.0,L
40000262,GRS-NLGI2,NLGI 2 bearing grease,0.2,KG
40000263,OIL-ISO-VG46,ISO VG 46 turbine oil,4.0,L
40000263,GRS-NLGI2,NLGI 2 bearing grease,0.2,KG
40000264,INST-AIR-FLT,Instrument air filter element,1.0,EA
40000265,INST-AIR-FLT,Instrument air filter element,1.0,EA
40000266,INST-AIR-FLT,Instrument air filter element,1.0,EA
40000267,INST-AIR-FLT,Instrument air filter element,1.0,EA
40000268,INST-AIR-FLT,Instrument air filter element,1.0,EA
40000269,INSP-UT-COUPLANT,UT couplant,1.0,BT
40000270,INSP-UT-COUPLANT,UT couplant,1.0,BT
40000271,INSP-UT-COUPLANT,UT couplant,1.0,BT
40000272,INST-AIR-FLT,Instrument air filter element,1.0,EA
40000273,INSP-UT-COUPLANT,UT couplant,1.0,BT
40000274,INSP-UT-COUPLANT,UT couplant,1.0,BT
40000275,INSP-UT-COUPLANT,UT couplant,1.0,BT
40000276,INSP-UT-COUPLANT,UT couplant,1.0,BT
40000277,INSP-UT-COUPLANT,UT couplant,1.0,BT
40000278,INSP-UT-COUPLANT,UT couplant,1.0,BT
40000279,INST-AIR-FLT,Instrument air filter element,1.0,EA
40000280,INST-AIR-FLT,Instrument air filter element,1.0,EA
40000281,INSP-UT-COUPLANT,UT couplant,1.0,BT
40000282,INSP-UT-COUPLANT,UT couplant,1.0,BT
40000283,INSP-UT-COUPLANT,UT couplant,1.0,BT
40000284,INSP-UT-COUPLANT,UT couplant,1.0,BT
40000285,INSP-UT-COUPLANT,UT couplant,1.0,BT
40000286,INSP-UT-COUPLANT,UT couplant,1.0,BT
40000287,INSP-UT-COUPLANT,UT couplant,1.0,BT
40000288,INSP-UT-COUPLANT,UT couplant,1.0,BT
40000289,OIL-ISO-VG46,ISO VG 46 turbine oil,4.0,L
40000289,GRS-NLGI2,NLGI 2 bearing grease,0.2,KG
40000290,INSP-UT-COUPLANT,UT couplant,1.0,BT
40000291,OIL-ISO-VG46,ISO VG 46 turbine oil,4.0,L
40000291,GRS-NLGI2,NLGI 2 bearing grease,0.2,KG
40000292,OIL-ISO-VG46,ISO VG 46 turbine oil,4.0,L
40000292,GRS-NLGI2,NLGI 2 bearing grease,0.2,KG
40000293,OIL-ISO-VG46,ISO VG 46 turbine oil,4.0,L
40000293,GRS-NLGI2,NLGI 2 bearing grease,0.2,KG
40000294,INSP-UT-COUPLANT,UT couplant,1.0,BT
40000295,OIL-ISO-VG46,ISO VG 46 turbine oil,4.0,L
40000295,GRS-NLGI2,NLGI 2 bearing grease,0.2,KG
40000296,OIL-ISO-VG46,ISO VG 46 turbine oil,4.0,L
40000296,GRS-NLGI2,NLGI 2 bearing grease,0.2,KG
40000297,OIL-ISO-VG46,ISO VG 46 turbine oil,4.0,L
40000297,GRS-NLGI2,NLGI 2 bearing grease,0.2,KG
40000298,OIL-ISO-VG46,ISO VG 46 turbine oil,4.0,L
40000298,GRS-NLGI2,NLGI 2 bearing grease,0.2,KG
40000299,OIL-ISO-VG46,ISO VG 46 turbine oil,4.0,L
40000299,GRS-NLGI2,NLGI 2 bearing grease,0.2,KG
40000300,OIL-ISO-VG46,ISO VG 46 turbine oil,4.0,L
40000300,GRS-NLGI2,NLGI 2 bearing grease,0.2,KG
40000301,OIL-ISO-VG46,ISO VG 46 turbine oil,4.0,L
40000301,GRS-NLGI2,NLGI 2 bearing grease,0.2,KG
40000302,OIL-ISO-VG46,ISO VG 46 turbine oil,4.0,L
40000302,GRS-NLGI2,NLGI 2 bearing grease,0.2,KG
40000303,BRG-6309-2RS,Pump bearing,2.0,EA
40000303,OIL-ISO-VG46,ISO VG 46 turbine oil,8.0,L
40000304,GSK-316-SW-16,316 SS spiral wound gasket,2.0,EA
40000304,BLT-B7-78-9UN,ASTM A193 B7 stud bolt set,1.0,SET
40000304,GRF-FLEX-1,Flexible graphite packing ring,8.0,EA
40000305,SEAL-C-45-A,Cartridge mechanical seal,1.0,EA
40000305,O-RING-VIT-2,Viton O-ring kit,1.0,KIT
40000306,GSK-316-SW-20,316 SS spiral wound gasket,2.0,EA
40000306,BLT-B7-34-10UN,ASTM A193 B7 stud bolt set,1.0,SET
40000306,GRF-FLEX-1,Flexible graphite packing ring,8.0,EA
40000307,GSK-316-SW-20,316 SS spiral wound gasket,2.0,EA
40000307,BLT-B7-58-8UN,ASTM A193 B7 stud bolt set,1.0,SET
40000307,GRF-FLEX-1,Flexible graphite packing ring,8.0,EA
40000308,OIL-ISO-VG46,ISO VG 46 turbine oil,4.0,L
40000308,GRS-NLGI2,NLGI 2 bearing grease,0.2,KG
40000309,OIL-ISO-VG46,ISO VG 46 turbine oil,4.0,L
40000309,GRS-NLGI2,NLGI 2 bearing grease,0.2,KG
40000310,OIL-ISO-VG46,ISO VG 46 turbine oil,4.0,L
40000310,GRS-NLGI2,NLGI 2 bearing grease,0.2,KG
40000311,OIL-ISO-VG46,ISO VG 46 turbine oil,4.0,L
40000311,GRS-NLGI2,NLGI 2 bearing grease,0.2,KG
40000312,OIL-ISO-VG46,ISO VG 46 turbine oil,4.0,L
40000312,GRS-NLGI2,NLGI 2 bearing grease,0.2,KG
40000313,OIL-ISO-VG46,ISO VG 46 turbine oil,4.0,L
40000313,GRS-NLGI2,NLGI 2 bearing grease,0.2,KG
40000314,OIL-ISO-VG46,ISO VG 46 turbine oil,4.0,L
40000314,GRS-NLGI2,NLGI 2 bearing grease,0.2,KG
40000315,OIL-ISO-VG46,ISO VG 46 turbine oil,4.0,L
40000315,GRS-NLGI2,NLGI 2 bearing grease,0.2,KG
40000316,OIL-ISO-VG46,ISO VG 46 turbine oil,4.0,L
40000316,GRS-NLGI2,NLGI 2 bearing grease,0.2,KG
40000317,OIL-ISO-VG46,ISO VG 46 turbine oil,4.0,L
40000317,GRS-NLGI2,NLGI 2 bearing grease,0.2,KG
40000318,OIL-ISO-VG46,ISO VG 46 turbine oil,4.0,L
40000318,GRS-NLGI2,NLGI 2 bearing grease,0.2,KG
40000319,OIL-ISO-VG46,ISO VG 46 turbine oil,4.0,L
40000319,GRS-NLGI2,NLGI 2 bearing grease,0.2,KG
40000320,INST-AIR-FLT,Instrument air filter element,1.0,EA
40000321,BRG-NU309,Pump bearing,2.0,EA
40000321,OIL-ISO-VG46,ISO VG 46 turbine oil,8.0,L
40000322,INST-AIR-FLT,Instrument air filter element,1.0,EA
40000323,INST-AIR-FLT,Instrument air filter element,1.0,EA
40000324,INST-AIR-FLT,Instrument air filter element,1.0,EA
40000325,INST-AIR-FLT,Instrument air filter element,1.0,EA
40000326,INSP-UT-COUPLANT,UT couplant,1.0,BT
40000327,INSP-UT-COUPLANT,UT couplant,1.0,BT
40000328,INSP-UT-COUPLANT,UT couplant,1.0,BT
40000329,INSP-UT-COUPLANT,UT couplant,1.0,BT
40000330,INSP-UT-COUPLANT,UT couplant,1.0,BT
40000331,INST-AIR-FLT,Instrument air filter element,1.0,EA
40000332,INSP-UT-COUPLANT,UT couplant,1.0,BT
40000333,INSP-UT-COUPLANT,UT couplant,1.0,BT
40000334,INSP-UT-COUPLANT,UT couplant,1.0,BT
40000335,INST-AIR-FLT,Instrument air filter element,1.0,EA
40000336,INSP-UT-COUPLANT,UT couplant,1.0,BT
40000337,INSP-UT-COUPLANT,UT couplant,1.0,BT
40000338,INSP-UT-COUPLANT,UT couplant,1.0,BT
40000339,INSP-UT-COUPLANT,UT couplant,1.0,BT
40000340,INSP-UT-COUPLANT,UT couplant,1.0,BT
40000341,INST-AIR-FLT,Instrument air filter element,1.0,EA
40000342,INSP-UT-COUPLANT,UT couplant,1.0,BT
40000343,INSP-UT-COUPLANT,UT couplant,1.0,BT
40000344,INSP-UT-COUPLANT,UT couplant,1.0,BT
40000345,INSP-UT-COUPLANT,UT couplant,1.0,BT
40000346,INSP-UT-COUPLANT,UT couplant,1.0,BT
40000347,INSP-UT-COUPLANT,UT couplant,1.0,BT
40000348,SEAL-C-35-A,Cartridge mechanical seal,1.0,EA
40000348,O-RING-VIT-2,Viton O-ring kit,1.0,KIT
40000349,OIL-ISO-VG46,ISO VG 46 turbine oil,4.0,L
40000349,GRS-NLGI2,NLGI 2 bearing grease,0.2,KG
40000350,OIL-ISO-VG46,ISO VG 46 turbine oil,4.0,L
40000350,GRS-NLGI2,NLGI 2 bearing grease,0.2,KG
40000351,OIL-ISO-VG46,ISO VG 46 turbine oil,4.0,L
40000351,GRS-NLGI2,NLGI 2 bearing grease,0.2,KG
40000352,OIL-ISO-VG46,ISO VG 46 turbine oil,4.0,L
40000352,GRS-NLGI2,NLGI 2 bearing grease,0.2,KG
40000353,VP-PACK-PTFE-6,Valve packing set,1.0,SET
40000353,VP-SEAT-316-4,Valve seat ring,1.0,EA
40000354,OIL-ISO-VG46,ISO VG 46 turbine oil,4.0,L
40000354,GRS-NLGI2,NLGI 2 bearing grease,0.2,KG
40000355,OIL-ISO-VG46,ISO VG 46 turbine oil,4.0,L
40000355,GRS-NLGI2,NLGI 2 bearing grease,0.2,KG
40000356,OIL-ISO-VG46,ISO VG 46 turbine oil,4.0,L
40000356,GRS-NLGI2,NLGI 2 bearing grease,0.2,KG
40000357,OIL-ISO-VG46,ISO VG 46 turbine oil,4.0,L
40000357,GRS-NLGI2,NLGI 2 bearing grease,0.2,KG
40000358,OIL-ISO-VG46,ISO VG 46 turbine oil,4.0,L
40000358,GRS-NLGI2,NLGI 2 bearing grease,0.2,KG
40000359,OIL-ISO-VG46,ISO VG 46 turbine oil,4.0,L
40000359,GRS-NLGI2,NLGI 2 bearing grease,0.2,KG
40000360,OIL-ISO-VG46,ISO VG 46 turbine oil,4.0,L
40000360,GRS-NLGI2,NLGI 2 bearing grease,0.2,KG
40000361,OIL-ISO-VG46,ISO VG 46 turbine oil,4.0,L
40000361,GRS-NLGI2,NLGI 2 bearing grease,0.2,KG
40000362,OIL-ISO-VG46,ISO VG 46 turbine oil,4.0,L
40000362,GRS-NLGI2,NLGI 2 bearing grease,0.2,KG
40000363,OIL-ISO-VG46,ISO VG 46 turbine oil,4.0,L
40000363,GRS-NLGI2,NLGI 2 bearing grease,0.2,KG
40000364,OIL-ISO-VG46,ISO VG 46 turbine oil,4.0,L
40000364,GRS-NLGI2,NLGI 2 bearing grease,0.2,KG
40000365,OIL-ISO-VG46,ISO VG 46 turbine oil,4.0,L
40000365,GRS-NLGI2,NLGI 2 bearing grease,0.2,KG
40000366,INST-AIR-FLT,Instrument air filter element,1.0,EA
40000367,INST-AIR-FLT,Instrument air filter element,1.0,EA
40000368,INST-AIR-FLT,Instrument air filter element,1.0,EA
40000369,INST-AIR-FLT,Instrument air filter element,1.0,EA
40000370,INST-AIR-FLT,Instrument air filter element,1.0,EA
40000371,INSP-UT-COUPLANT,UT couplant,1.0,BT
40000372,INSP-UT-COUPLANT,UT couplant,1.0,BT
40000373,INSP-UT-COUPLANT,UT couplant,1.0,BT
40000374,INSP-UT-COUPLANT,UT couplant,1.0,BT
40000375,INSP-UT-COUPLANT,UT couplant,1.0,BT
40000376,INSP-UT-COUPLANT,UT couplant,1.0,BT
40000377,BRG-6309-2RS,Pump bearing,2.0,EA
40000377,OIL-ISO-VG46,ISO VG 46 turbine oil,8.0,L
40000378,INST-AIR-FLT,Instrument air filter element,1.0,EA
40000379,INST-AIR-FLT,Instrument air filter element,1.0,EA
40000380,INSP-UT-COUPLANT,UT couplant,1.0,BT
40000381,INSP-UT-COUPLANT,UT couplant,1.0,BT
40000382,INSP-UT-COUPLANT,UT couplant,1.0,BT
40000383,INSP-UT-COUPLANT,UT couplant,1.0,BT
40000384,INSP-UT-COUPLANT,UT couplant,1.0,BT
40000385,INSP-UT-COUPLANT,UT couplant,1.0,BT
40000386,INSP-UT-COUPLANT,UT couplant,1.0,BT
40000387,INSP-UT-COUPLANT,UT couplant,1.0,BT
40000388,INSP-UT-COUPLANT,UT couplant,1.0,BT
40000389,INST-AIR-FLT,Instrument air filter element,1.0,EA
40000390,INSP-UT-COUPLANT,UT couplant,1.0,BT
40000391,INSP-UT-COUPLANT,UT couplant,1.0,BT
40000392,INSP-UT-COUPLANT,UT couplant,1.0,BT
40000393,INSP-UT-COUPLANT,UT couplant,1.0,BT
40000394,SEAL-C-45-A,Cartridge mechanical seal,1.0,EA
40000394,O-RING-VIT-2,Viton O-ring kit,1.0,KIT
40000395,OIL-ISO-VG46,ISO VG 46 turbine oil,4.0,L
40000395,GRS-NLGI2,NLGI 2 bearing grease,0.2,KG
40000396,VP-PACK-PTFE-6,Valve packing set,1.0,SET
40000396,VP-SEAT-316-4,Valve seat ring,1.0,EA
40000397,OIL-ISO-VG46,ISO VG 46 turbine oil,4.0,L
40000397,GRS-NLGI2,NLGI 2 bearing grease,0.2,KG
40000398,OIL-ISO-VG46,ISO VG 46 turbine oil,4.0,L
40000398,GRS-NLGI2,NLGI 2 bearing grease,0.2,KG
40000399,OIL-ISO-VG46,ISO VG 46 turbine oil,4.0,L
40000399,GRS-NLGI2,NLGI 2 bearing grease,0.2,KG
40000400,OIL-ISO-VG46,ISO VG 46 turbine oil,4.0,L
40000400,GRS-NLGI2,NLGI 2 bearing grease,0.2,KG
40000401,INSP-UT-COUPLANT,UT couplant,1.0,BT
40000402,OIL-ISO-VG46,ISO VG 46 turbine oil,4.0,L
40000402,GRS-NLGI2,NLGI 2 bearing grease,0.2,KG
40000403,OIL-ISO-VG46,ISO VG 46 turbine oil,4.0,L
40000403,GRS-NLGI2,NLGI 2 bearing grease,0.2,KG
40000404,OIL-ISO-VG46,ISO VG 46 turbine oil,4.0,L
40000404,GRS-NLGI2,NLGI 2 bearing grease,0.2,KG
40000405,OIL-ISO-VG46,ISO VG 46 turbine oil,4.0,L
40000405,GRS-NLGI2,NLGI 2 bearing grease,0.2,KG
40000406,OIL-ISO-VG46,ISO VG 46 turbine oil,4.0,L
40000406,GRS-NLGI2,NLGI 2 bearing grease,0.2,KG
40000407,OIL-ISO-VG46,ISO VG 46 turbine oil,4.0,L
40000407,GRS-NLGI2,NLGI 2 bearing grease,0.2,KG
40000408,OIL-ISO-VG46,ISO VG 46 turbine oil,4.0,L
40000408,GRS-NLGI2,NLGI 2 bearing grease,0.2,KG
40000409,OIL-ISO-VG46,ISO VG 46 turbine oil,4.0,L
40000409,GRS-NLGI2,NLGI 2 bearing grease,0.2,KG
40000410,INST-AIR-FLT,Instrument air filter element,1.0,EA
40000411,OIL-ISO-VG46,ISO VG 46 turbine oil,4.0,L
40000411,GRS-NLGI2,NLGI 2 bearing grease,0.2,KG
